('1', 'Tonya', 'Mason', '118 Oldham Street', 'Rio de Janeiro', 'Gamla Stan', '0775336391', 'msskej3@gmail.com', '5424 0193 8686 2168', '1991-11-10', 'M', 'nqejdt5nw', 'RsUgkOfvk'),
('2', 'Kim Anh', 'Murphy', '124 George Street', 'Tel Aviv', 'Bukit Bintang', '0861332515', 'ct86ah4x@gmail.com', '5424 0113 9776 3258', '1989-09-20', 'M', 'aumm8rrm', '0Q@c48ZxMFp@qU'),
('3', 'Henry', 'Đỗ', '155 Road No. 1', 'Taipei', 'Hà Tiên', '0597209704', '3ee1sh@gmail.com', '6011 0035 3264 6546', '2000-06-29', 'F', 'k34hkss88', '2W8nAR7Zgbpzj'),
('4', 'Stephanie', 'Adams', '33 Thùy Vân', 'Đồng Nai', 'Old Town', '0387104150', 'nud299u@gmail.com', '5252 0197 3262 6544', '1988-08-19', 'M', '8iqj45u', 'H5mDvMCpIgqH'),
('5', 'Dawn', 'Foster', '194 Bv. Argentino', 'Thừa Thiên Huế', 'Arcadia', '0354378800', '2t387424b@gmail.com', '4929 0130 8674 2156', '1981-07-25', 'F', 'qt9jqjf', 'j7KI9Euf'),
('6', 'Cynthia', 'Phạm', '160 Baga Road', 'Chiang Mai', 'Dongcheng', '0980295924', 'gf04q3xpz@gmail.com', '5424 0177 1092 4374', '1981-09-20', 'M', 'awqt9kc', '1ziNa51mYjJ2EHtfOeC'),
('7', 'Jennifer', 'Jackson', '168 Talaa Kebira', 'Jaipur', 'Taj Ganj', '0388700479', 's5pgmsmt@gmail.com', '4111 0180 4374 7656', '2001-02-12', 'F', '0chq7k', '@iXQKYub08ii'),
('8', 'Austin', 'Pierce', '149 Salinas Drive', 'Đà Nẵng', 'Montaza', '0354026255', 'msvdasjkmo@gmail.com', '4111 0148 8666 2148', '1989-06-05', 'M', 'la4rm62', 'A9ZAKinfNtEQpW'),
('9', 'Christina', 'Hà', '41 Bahnhofstrasse', 'Quebec City', 'Bukit Bintang', '0388385445', '6s49esbl@gmail.com', '5123 0055 5434 8716', '1994-03-02', 'M', '0us3wo5', 'IeoZKgSOSIR'),
('10', 'Đan Trường', 'Gray', '120 Ashton Lane', 'Bangkok', 'Psiri', '0592852842', 'nb7k9oox@gmail.com', '5123 0159 1000 4282', '1979-04-12', 'M', 'aforiqinyc', 'E!CRBIbcigibkgXkS'),
('11', 'Amber', 'Green', '56 Lạch Tray', 'Cape Town', 'Vila Madalena', '0357830745', '9mldckf@gmail.com', '4552 0120 7634 1016', '1989-05-28', 'F', 'posi8m5qo', 'GA!z3wq@iC8zK9vsp'),
('12', 'Tina', 'Myers', '789 Hachiko Square', 'Zurich', 'Seminyak', '0910637939', '4d3oaz@gmail.com', '5424 0145 5384 8666', '1993-04-04', 'M', 'eajw4h', 'ckhbJc8B4xg0EcsnlK'),
('13', 'Roy', 'Tiền', '140 Lebuh Chulia', 'Auckland', 'Quận 3', '0381402424', 'qhnm0huauq@gmail.com', '4111 0004 8914 3770', '1988-07-25', 'M', 'xiy6umfucn', 'LReK4J2!'),
('14', 'Tuấn Hưng', 'Lewis', '131 OConnell Street', 'Seoul', 'Polanco', '0860343174', '7n3931z2@gmail.com', '4222 0142 2102 5384', '1982-11-29', 'F', 'd65nbz0rz3', 'T4A0lYbuOV8Cw'),
('15', 'Michelle', 'White', '168 Talaa Kebira', 'Sapporo', 'TP. Vinh', '0917203487', '631a0j@gmail.com', '4222 0006 2334 8914', '2002-10-16', 'M', 'gzn35sb9qq', '1GY!pDVr2e!Es2DLY'),
('16', 'Samuel', 'Jordan', '119 Jamaica Street', 'Auckland', 'Nimmanhaemin', '0917769305', 'nab5z2jwj@gmail.com', '6011 0019 5470 8752', '1993-03-27', 'M', 'jvl1u8406r', 'pRDesXHTLB'),
('17', 'Sean', 'Lê', '52 Janpath', 'Rio de Janeiro', 'Baltic Triangle', '0356536802', '8ee8m4e1b@gmail.com', '4111 0172 5422 8704', '1995-06-06', 'F', 'agkhb8an9', 'SyGfE3ompc@QjLewEbM'),
('18', 'Cynthia', 'Cox', '151 Shivalik', 'Busan', 'Ixelles', '0900921910', 'lzdwyim62f@gmail.com', '5252 0013 7873 2188', '1981-11-05', 'F', 'nulyfrcovk', 'eC8MRSUutAErS5'),
('19', 'Sandra', 'Phạm', '345 Nguyễn Văn Linh', 'Warsaw', 'Neve Tzedek', '0868000687', '6ohgbvw@gmail.com', '5252 0021 7658 1030', '1992-01-31', 'M', 'xu9do81bec', '70@p4UW!wLb'),
('20', 'Maria', 'Adams', '139 Jalan Telawi', 'Thanh Hóa', 'Downtown', '0917374650', 'm1qykiunul@gmail.com', '5424 0129 7580 1062', '1978-08-20', 'M', 'zkeftu', 'ix8nyds6PH'),
('21', 'Đông Nhi', 'Adams', '196 Paseo Dimalow', 'Budapest', 'Sukhumvit', '0350295122', 'ah4a8z@gmail.com', '4111 0124 2110 5392', '1981-12-12', 'F', 'phh4p65tx', 'EkQTgrp8K7KrMLZ7jv'),
('22', 'Tuấn Hưng', 'Baker', '53 İstiklal Avenue', 'Durban', 'Quận 1', '0773113167', 'ex4h5xjfa7@gmail.com', '5424 0121 8728 2110', '1972-01-05', 'F', 'ev4v1fmh', 'xBIBbv56IamsGmvIO'),
('23', 'Gary', 'Mạc', '34 Bạch Đằng', 'Cần Thơ', 'Riccarton', '0865218124', '18jka8q@gmail.com', '4552 0136 5438 8720', '1988-07-25', 'F', '6psccl2s', '6jHwsEEcC1Zj'),
('24', 'Stephen', 'Hunt', '692 An Dương Vương', 'Istanbul', 'Westminster', '0597726270', '3ifugro39@gmail.com', '4929 0050 9764 3246', '2002-11-23', 'F', 'wopktw5we', 'TEBNTtNaXf'),
('25', 'Gary', 'Johnson', '45 Nguyễn Lương Bằng', 'Nha Trang', 'Phường 2', '0987344143', 'yyobh4k@gmail.com', '4929 0090 4314 7596', '1994-04-25', 'M', 'o4h66fo8', 'NwD@f5vsF8Ar0wj'),
('26', 'Christian', 'Taylor', '246 Hai Bà Trưng', 'TP. Hồ Chí Minh', 'Hollywood', '0389996695', 'vn8ly6rl5@gmail.com', '4552 0064 5380 8662', '1999-08-26', 'M', '6aqtsh7', 'dkp@CXscsOnUS'),
('27', 'Kevin', 'Crawford', '21 Tverskaya Street', 'Alexandria', 'Uông Bí', '0914226312', 'a4mjc7c@gmail.com', '4111 0060 1004 4286', '1988-07-25', 'M', 'v3xoaqzh4', '0WwV6Dx3kWCooCZTYc'),
('28', 'Châu Khải Phong', 'Lopez', '159 Fatehabad Road', 'Port Elizabeth', 'Vĩnh Nguyên', '0910464357', 'tfiyjnhe@gmail.com', '5252 0045 4294 7576', '1980-09-12', 'F', 'ooobhh', 'RerdoO3bCJynlGE'),
('29', 'Douglas', 'Đỗ', '258 Hoàng Hoa Thám', 'Aswan', 'Asokoro', '0387338595', 'wwzer5c@gmail.com', '5424 0129 7580 1062', '1991-05-15', 'M', 'j6hity', 'iUQUUfJY2sKgD'),
('30', 'Phan Mạnh Quỳnh', 'Hunter', '188 Largo do Pelourinho', 'Glasgow', 'TP. Vinh', '0381282849', 'a58f8cg8b@gmail.com', '5252 0165 7564 1046', '1970-01-05', 'F', 'nbdrf3kxs', '5fnT49CoIkJdFPdi'),
('31', 'Khắc Việt', 'Lopez', '52 Janpath', 'Davao', 'Calangute', '0354602955', '6ji15fd@gmail.com', '6011 0019 5470 8752', '2001-10-22', 'F', '3mrygh2', 'JjybPZ3X'),
('32', 'Erin', 'Gutierrez', '195 José Victorino Lastarria', 'Chennai', 'Bỉm Sơn', '0914130695', 'gu26o9kx77@gmail.com', '5424 0049 8670 2152', '1999-08-20', 'F', '25r4u4', 'WzS!OUULzDs'),
('33', 'Khánh Ly', 'Rodriguez', '121 Avenue du Mont-Royal', 'Dublin', 'Osu', '0909142445', 'rmunvy9a@gmail.com', '4111 0036 4358 7640', '1987-04-03', 'M', '34xcnnuef4', 'k2ij9KFiSar'),
('34', 'Wendy', 'Sullivan', '118 Oldham Street', 'Athens', 'Grünerløkka', '0900884208', 'kemn63p3@gmail.com', '6011 0155 6524 9806', '1981-09-20', 'M', '653q2u6en4', 'GuXtrc3NJOH0S4z'),
('35', 'James', 'Gordon', '32 Rua da Saudade', 'Christchurch', 'Kemang', '0592754164', 'pw33zy@gmail.com', '5123 0063 4286 7568', '1999-08-26', 'F', '20sc4sm', 'Qdw0c8CxOquDTqBW'),
('36', 'John', 'Đàm', '183 Av. Chapultepec', 'Glasgow', 'Thanh Khê', '0389052318', 'bukggq@gmail.com', '6011 0035 3264 6546', '1989-09-18', 'F', 'iyv5q03', 'dx81v8XxTQgKuKQhxq'),
('37', 'Larry', 'Gomez', '191 Avenida Alvear', 'Berlin', 'Northern Quarter', '0900263185', 'vjb5fnl41m@gmail.com', '4929 0010 9872 7873', '1977-08-20', 'M', 'o0gz976w', 'jxklBB0wy9UZg3as45'),
('38', 'Thanh Tùng', 'Robinson', '147 Jalan Kayu Aya', 'Đà Nẵng', 'Vĩnh Nguyên', '0861673455', '7fcvh84xop@gmail.com', '4111 0172 5422 8704', '1983-05-02', 'M', 'zykre8im', 'RRcIONIif7'),
('39', 'Willie', 'Mason', '158 MI Road', 'Vũng Tàu', 'Menteng', '0380175599', 'vumhpy@gmail.com', '6011 0131 9768 3250', '1986-04-10', 'F', 'i5d2u7uv0o', 'Z6nlMixD!oJ7S2'),
('40', 'Stephen', 'Campbell', '50 Ayala Avenue', 'Thừa Thiên Huế', 'Phường 1', '0771559641', 'zje3rq@gmail.com', '4222 0198 4356 7638', '1996-03-07', 'M', 't2kmq1', 'zfYkJnWgvuf'),
('41', 'Edward', 'Elliott', '56 Av. del Libertador', 'Johannesburg', 'Copacabana', '0352848913', 'fr2u3s8@gmail.com', '4552 0160 2094 5376', '1975-02-10', 'F', 'cfk56mok', 'OMwXcVBkyU9Lx7a1t'),
('42', 'Roy', 'Jones', '34 Nowy Świat', 'Rome', 'Cái Răng', '0982220489', '7go09f3y@gmail.com', '5123 0031 8688 2170', '1986-04-10', 'M', 'r9gdqss0o', 'ejiti1dz4DCS'),
('43', 'Patrick', 'Hall', '99 Quang Trung', 'Vũng Tàu', 'Mitte', '0989652728', 'dllb9pvzu@gmail.com', '4111 0108 4306 7588', '1987-07-18', 'F', 'u25l8fv', 'dW!!CdCiI6'),
('44', 'Roger', 'Rodriguez', '88 Lê Hoàn', 'Đà Nẵng', 'Phường 1', '0380540419', 'og1sfdbjl@gmail.com', '4929 0186 1028 4310', '1986-02-10', 'F', 'kw87ew2u', 'TWOOC85xr'),
('45', 'Bảo Anh', 'Tô', '167 Boulevard de la Corniche', 'Valparaiso', 'Plaka', '0771197406', 'c6j8748a@gmail.com', '4552 0088 2126 5408', '1993-02-01', 'F', '1r06v4jw', 's3T5J8s4'),
('46', 'Denise', 'Brooks', '193 Hipólito Yrigoyen', 'Kyoto', 'Karaköy', '0901768878', 'ofygt8vfa@gmail.com', '4929 0146 6478 9760', '1980-08-19', 'F', '9ejf7cianw', 'dsm0IJ9sxbhxGoOm0@v'),
('47', 'Shannon', 'Peterson', '31 Kärntner Strasse', 'Mexico City', 'Cẩm Phả', '0382702539', 'rrsa79wn@gmail.com', '4222 0030 7594 1076', '1995-04-03', 'M', '0352ub', 'sWa792Bs'),
('48', 'Annette', 'Parker', '146 Jalan Kemang Raya', 'Melbourne', 'Connaught Place', '0861709893', 'it7t4e@gmail.com', '6011 0115 2164 5446', '1982-12-06', 'M', 'i4p217no', 'gxME0JOh'),
('49', 'Phạm Trưởng', 'Cook', '56 Lạch Tray', 'Goa', 'Lastarria', '0900668159', 'l9w5nm@gmail.com', '6011 0027 4312 7594', '1989-09-18', 'M', 'bmtlmh6pbr', 'DkZgMzrsd'),
('50', 'Christian', 'Hall', '45 Nguyễn Lương Bằng', 'Quebec City', 'Hạ Long', '0861627088', 'pqinn8@gmail.com', '6011 0171 4328 7610', '1983-01-07', 'M', '5ifwe0z', 'iSqf31YGp'),
('51', 'Megan', 'Johnson', '10 Nguyễn Gia Thiều', 'Giza', 'Fitzroy', '0919063599', '452td9c@gmail.com', '6011 0107 3212 6494', '1971-04-12', 'F', '3hslp35b7n', 'IFRajHMaOLzRlNc'),
('52', 'Ưng Hoàng Phúc', 'Butler', '456 Cầu Đất', 'New York', 'Quế Võ', '0983984225', '7xwtcuq@gmail.com', '5123 0063 4286 7568', '1971-03-08', 'M', 'ie6jbosbl2', 'WGbg6h7sNCKpWmiaa'),
('53', 'Michelle', 'Ramirez', '791 Nguyễn Kiệm', 'Mendoza', 'Haram', '0389507202', '9so2m2o15l@gmail.com', '4552 0056 6528 9810', '1981-08-20', 'M', 'wo99fd8a1t', 'ochkbjy7x'),
('54', 'Michael', 'Hall', '369 Cách Mạng Tháng 8', 'Glasgow', 'Park Street', '0779015144', 'te92m58@gmail.com', '4552 0016 2188 5470', '2001-10-08', 'M', '1w896rnn9r', 'ESoS@rAj'),
('55', 'Hari Won', 'Peterson', '131 OConnell Street', 'Thanh Hóa', 'Anfa', '0981155746', '894g581e@gmail.com', '4111 0044 3200 6482', '1984-12-23', 'M', 'e5vmn35n9f', 'VDu8S@aS90Z5bhAEFMG'),
('56', 'Sarah', 'Tào', '130 Grey Street', 'Rome', 'Hương Thủy', '0773762576', '443hmu2y@gmail.com', '4111 0124 2110 5392', '1999-07-18', 'M', 'h6536tq', 'kSFp3N9L2l4K'),
('57', 'Hồ Ngọc Hà', 'Hughes', '113 Király utca', 'Barcelona', 'Kitsilano', '0902985110', 'uo6ysp2@gmail.com', '5252 0021 7658 1030', '1981-10-13', 'F', 'hvf9hm', 'Y1EXJdW!4n5Wy2QBfmb'),
('58', 'Tracy', 'Ford', '16 Sheikh Mohammed bin Rashid Blvd', 'Zurich', 'Punavuori', '0906810742', 'ivshxr@gmail.com', '6011 0187 2122 5404', '1990-09-01', 'F', 'g3rapd', 'XuA45py!SblFcnFdyL'),
('59', 'Teresa', 'Armstrong', '13 Unter den Linden', 'Tijuana', 'Vesterbro', '0983908199', 'xwcqe8gm15@gmail.com', '4111 0084 7660 1032', '1991-12-18', 'F', 'vhl3ve', '69b@GH0MajdbS'),
('60', 'Cao Thái Sơn', 'Tiền', '198 Cuesta de San Blas', 'Đà Nẵng', 'Sablon', '0918528011', 'yhyo31c@gmail.com', '4552 0120 7634 1016', '1981-10-28', 'F', 'ctqglp3', '1@@VHCK3V74'),
('61', 'Terry', 'Stevens', '108 Götgatan', 'Mumbai', 'Frogner', '0869461473', 'uwulviglk@gmail.com', '4111 0068 9756 3238', '1994-04-25', 'M', '6hq0z1gf', 'A1f1lyi8i!uG041'),
('62', 'Uyên Linh', 'Foster', '150 Don Julio Llorente Street', 'Madrid', 'Thanh Khê', '0864201540', '2vbc2wd@gmail.com', '4929 0018 4376 7658', '1981-09-20', 'M', '7mffj4', 'dRAD4PVQtekz'),
('63', 'Crystal', 'Châu', '51 Jalan HOS. Cokroaminoto', 'Singapore', 'T. Nagar', '0381322320', 'ubsooxqrb@gmail.com', '5424 0081 4378 7660', '1998-08-02', 'M', '3pqic6', 'XaCjfAUhMFie'),
('64', 'Charles', 'Burke', '150 Don Julio Llorente Street', 'Santiago', 'Makati', '0868897807', 'ga30lj0w@gmail.com', '4222 0198 4356 7638', '1992-02-26', 'M', 'y0gejov', 'FAdRDwN5Z866'),
('65', 'Jacob', 'Flores', '456 Oxford Street', 'Rosario', 'Montaza', '0903222360', 'eeu80h5@gmail.com', '4929 0026 3218 6500', '1984-01-31', 'F', 'bb2ob10m', 'Y9f04Yks7E7TH'),
('66', 'Khắc Việt', 'Foster', '54 Shabazi Street', 'Rio de Janeiro', 'TP. Vinh', '0907087955', 'xnx1mv@gmail.com', '4111 0028 5406 8688', '1984-03-08', 'F', 'hdqqwdlvjp', 'THc8wLGfo'),
('67', 'Charles', 'Hồ', '135 Tanukikoji Shopping Street', 'Lagos', 'Dongcheng', '0901441831', 'vhkak0m@gmail.com', '6011 0075 7614 1096', '1989-09-20', 'M', '74gzenk1r0', 'g5Aom88nT6yxy'),
('68', 'Quang Vinh', 'Hồ', '46 Sukhumvit Road', 'Dubai', 'Phường 1', '0776704141', 'taahyqf5@gmail.com', '5424 0105 1024 4306', '1993-04-04', 'F', 'ybr487z', 'ORDroDq8n'),
('69', 'Khánh Ly', 'Barnes', '110 Bygdøy allé', 'Mexico City', 'Dongcheng', '0593852136', '1teocxqsuh@gmail.com', '4552 0104 9830 3212', '1972-01-05', 'M', 'isrnkqo', 'qC3OUM3u'),
('70', 'Sandra', 'Holmes', '107 Istedgade', 'Mombasa', 'Bangsar', '0779231552', 'brvf4q@gmail.com', '4929 0018 4376 7658', '1979-01-11', 'M', '9p3eu9', 'qgE14bgzB2qDJ1'),
('71', 'Annette', 'Morales', '170 Rue de la Kasbah', 'Cape Town', 'Quận 3', '0912525582', 'zuh0rtjjk@gmail.com', '5123 0087 1032 4314', '1989-12-02', 'F', 'y2dct5w9', 'FOkBCm0L0Y9OPh'),
('72', 'Emily', 'Morgan', '197 Av. José Larco', 'Đồng Nai', 'San Pedro Garza García', '0910530669', 'zmfu5zwp4c@gmail.com', '5252 0197 3262 6544', '1996-06-27', 'M', '0yv1r31', 'ZlNdGzimX6ZSZmH7'),
('73', 'Christopher', 'Thompson', '802 Phan Xích Long', 'Valparaiso', 'Praia de Iracema', '0598184230', 'ktgct7czw@gmail.com', '4111 0020 6564 9846', '1979-04-12', 'F', 'c8b4ey0yev', 'n91PsFZ0Pp'),
('74', 'Edward', 'Shaw', '108 Götgatan', 'Chiang Mai', 'San Pedro Garza García', '0353119783', '18ryflrq2@gmail.com', '5424 0129 7580 1062', '1979-03-08', 'F', 'zv2y6fcka1', 'T6DcotQ@c507t086v'),
('75', 'Dawn', 'Vũ', '163 Al-Haram Street', 'New York', 'Palermo', '0986494618', 'f62gqgwq4z@gmail.com', '5424 0177 1092 4374', '1986-08-17', 'F', 'dcxoi4wmk', 'paF9dRqxT8GEpM'),
('76', 'Lệ Quyên', 'Boyd', '45 Nguyễn Lương Bằng', 'Madrid', 'Shibuya', '0867476014', '4y3ndoa1ot@gmail.com', '4929 0194 9780 3262', '1981-04-12', 'F', 'glbnuzg', 'fme94zyTA6'),
('77', 'Shannon', 'Myers', '21 Tverskaya Street', 'Hanoi', 'Hoàn Kiếm', '0775864026', 'xrb2igr@gmail.com', '4552 0072 4332 7614', '1979-04-12', 'F', '02yjoh62f3', 'Lyn2vCBN'),
('78', 'Đăng Khôi', 'James', '56 Av. del Libertador', 'Munich', 'Hauz Khas Village', '0352698767', 'e4lhn1xy@gmail.com', '5424 0145 5384 8666', '1999-11-17', 'M', 'eevq6ms2', 'gYMMjFdO8kFG'),
('79', 'Bruce', 'Wallace', '89 Hoàng Diệu', 'Davao', 'Navigli', '0916171344', 'cpteudl@gmail.com', '5123 0071 3238 6520', '2002-11-23', 'F', '79v5hy6f', 'wMTae0Ao3'),
('80', 'Jesse', 'Doãn', '184 Paseo de los Héroes', 'Copenhagen', 'Te Aro', '0865532421', 'y0mx3z7@gmail.com', '4929 0026 3218 6500', '1973-11-30', 'F', '3sh1n3ad', 'pQM0VXPY'),
('81', 'Teresa', 'Tào', '124 George Street', 'Geneva', 'Plaka', '0866821303', 'jtkdim@gmail.com', '4929 0170 3234 6516', '1995-04-03', 'F', '14mwlyc', 'uuC6pHe1MocSpqG'),
('82', 'Danielle', 'Lý', '680 Nguyễn Hữu Cảnh', 'Copenhagen', 'The Loop', '0912879727', '8ry21ha3s@gmail.com', '4111 0020 6564 9846', '1986-11-30', 'M', '1q7uji', 'JHRYB31O72'),
('83', 'Jason', 'Tạ', '30 Västerlånggatan', 'Đồng Nai', 'Riccarton', '0383642569', 'azt98h@gmail.com', '6011 0195 1074 4356', '1995-05-29', 'M', 'wuzyw76', 'MjHRDuXStnNOfZZ'),
('84', 'Mary', 'Watson', '178 Adeola Odeku Street', 'Athens', 'Bairro Alto', '0904941052', 'osex98@gmail.com', '4929 0170 3234 6516', '1998-07-19', 'F', 'hlmh9re23', 'epXKpZT0XIYy3b'),
('85', 'Daniel', 'Châu', '147 Jalan Kayu Aya', 'Dublin', 'Sandton', '0359245122', '7sovo6luo@gmail.com', '6011 0155 6524 9806', '1983-12-30', 'F', 'lgcqr0', 'IMJlJmkbOeo'),
('86', 'Cẩm Ly', 'Hawkins', '39 Strøget', 'Toronto', 'Providencia', '0901271599', 'm9b4z6f8h2@gmail.com', '4929 0026 3218 6500', '1996-03-07', 'F', '9xot4yoktt', 'TQ88g3apERAd64x'),
('87', 'Willie', 'King', '56 Av. del Libertador', 'Manila', 'Plateau Mont-Royal', '0384505936', 'odwzbkj@gmail.com', '5424 0121 8728 2110', '1999-09-03', 'F', 'iufhejp46', 'u@OJUsmlQHsMt8vjM'),
('88', 'Bằng Kiều', 'Carter', '107 Istedgade', 'Lisbon', 'Gangnam', '0864037894', 'tb5ktb@gmail.com', '5252 0109 5400 8682', '1989-06-05', 'F', 'iv6qfvvp', 'MiuQJ2WurVl9MG'),
('89', 'Jennifer', 'Phan', '28 Prinsengracht', 'Vienna', 'Plaka', '0596575788', 'vlv8t4nzx@gmail.com', '5252 0093 7596 1078', '1995-04-22', 'M', 'mtpdef9r6w', 'UamdW!A@jA7Fnx5c'),
('90', 'Jason', 'Burke', '23 Hoàng Quốc Việt', 'Salvador', 'Taj Ganj', '0779804424', 'drgdkn@gmail.com', '5424 0081 4378 7660', '1987-07-18', 'F', '25vqhex3g', '7h6@08d9EpAdNV'),
('91', 'Richard', 'Stone', '186 Rua Vinicius de Moraes', 'Budapest', 'Cái Răng', '0591536379', 'ogt2onlrnb@gmail.com', '5252 0045 4294 7576', '1996-10-15', 'M', '74tk7l', 'A5C6H0g1fW9Pz'),
('92', 'Brian', 'Moore', '114 Karaiskaki', 'Jakarta', 'Hải Châu', '0901151365', 'm8so6uo9e@gmail.com', '5252 0133 2156 5438', '1988-02-10', 'M', 'phha75m', 'lALF8YuaAAWCpkPnF'),
('93', 'Rebecca', 'Quan', '56 Lạch Tray', 'Quảng Ninh', 'Hương Thủy', '0599775191', 'xfigj8@gmail.com', '5424 0049 8670 2152', '1985-01-24', 'F', 'imzef6c4lk', 'YUGwfC4nVImaGZ'),
('94', 'Robert', 'Mitchell', '184 Paseo de los Héroes', 'Manchester', 'Hồng Bàng', '0772743845', 'ycsgsl4sw@gmail.com', '4111 0116 3258 6540', '2001-10-08', 'F', 'rzlbuomwo1', 'Ro6y2Tyg'),
('95', 'Larry', 'Brooks', '167 Boulevard de la Corniche', 'Accra', 'Arcadia', '0911206203', 'edempvj88@gmail.com', '5123 0007 3770 9872', '1993-07-25', 'F', 'xn6t1uy7j', 'An8T6x3VXv@'),
('96', 'Brittany', 'Bennett', '165 Gharb Seheil', 'Budapest', 'Gueliz', '0592666336', 'efmbz4gxsw@gmail.com', '5424 0073 5426 8708', '1992-04-12', 'M', 'ie1vbs1b93', 'Hm@F1ShuIqovHpz4s'),
('97', 'Tuấn Hưng', 'Đinh', '23 Marine Drive', 'Pune', 'Phường 2', '0358974742', 'oxj4wlu@gmail.com', '4222 0046 5388 8670', '1983-09-18', 'F', 'etrbhtlj46', '34pv9gCp8'),
('98', 'Sara', 'Harrison', '176 Waiyaki Way', 'Oslo', 'Long Khánh', '0598998378', '675048ld@gmail.com', '5252 0077 9802 3284', '1981-04-12', 'M', '3kepp6wqkw', 'YagZ@MYLfM6@1zNxe46'),
('99', 'Brittany', 'Ông', '581 Lạc Long Quân', 'Kolkata', 'Psiri', '0984357236', 'qajnjt@gmail.com', '5123 0023 9846 3218', '2000-06-29', 'M', '6irvsj', '7M4IPEztcsV@!8Ao'),
('100', 'Jordan', 'Payne', '50 Ayala Avenue', 'Santiago', 'Karnak', '0862596852', 'osww61gih@gmail.com', '4552 0152 3242 6524', '1986-11-30', 'F', 'qdtho3', '8N90pwTyvW9ox');

-- Insert employees
INSERT INTO employee (employee_id, first_name, last_name, dob, phone_number, email, username, password) VALUES
('1', 'Linda', 'Porter', '1991-05-15', '0596388144', '0kxf0kzyk@gmail.com', 'jfw3zyjj8', '3lqa72fKJ7CHiAFJv'),
('2', 'Megan', 'Ortiz', '1986-05-17', '0358472332', '3jia0j@gmail.com', 'y6ad93', 'zreeBhT2VXkydKmdJ'),
('3', 'Sandra', 'Murphy', '1993-02-20', '0380502338', '4xdvod3ea@gmail.com', 'obf87a', 'DqcH2HmEre@c49NvG9Y'),
('4', 'Arthur', 'Mai', '1991-12-18', '0776022469', 'kyq8udkl8@gmail.com', 'tz9r5mnj1', 'unxhZGxHx'),
('5', 'Walter', 'Stone', '1981-10-13', '0906603686', '79x8ewo1@gmail.com', 'unlrwlb3', 'fqSscCeV8'),
('6', 'Gina', 'Hunt', '1990-12-24', '0866943514', 'j85fvy5is@gmail.com', 'zggwbe9d6', 'AA9!CMZkePQEx!'),
('7', 'Thành Trung', 'Hart', '1983-05-02', '0353035984', 'pt96e6@gmail.com', '5ttstiwgn', 'VAasF!0gmj'),
('8', 'Ưng Hoàng Phúc', 'Watson', '1978-09-18', '0911714227', '56torcdb@gmail.com', '4lqxkn1z', 'QYL9692zxF'),
('9', 'Jessica', 'Huỳnh', '1998-07-19', '0917105256', 'bvilptz4@gmail.com', 'gguout', 'gITdyH6A!FZS8'),
('10', 'Đức Phúc', 'Simpson', '1998-09-09', '0983079694', 'hcr6r5f@gmail.com', 'f6ep7z5nm', 'QZ1l3PPnEsoNCg@nU'),
('11', 'Uyên Linh', 'Dương', '1984-06-03', '0909854306', '6zv4hrut@gmail.com', 'u7wgaku', 'hkhNRY!LTixAPZ'),
('12', 'Stephanie', 'Hicks', '1982-07-25', '0985399256', 'ix2twmzn7n@gmail.com', '0ia32f', 'bC57udriHnME'),
('13', 'Karen', 'Green', '1989-06-22', '0869010989', 'vc7kv0463@gmail.com', 'dntjc5', '8belNNWMpI8'),
('14', 'Cao Thái Sơn', 'Lại', '1990-12-24', '0988603755', '8hgtcktf@gmail.com', '4ec1b59p', '3UzgpLfm8s'),
('15', 'Jonathan', 'Webb', '1985-04-16', '0385556229', 'biwoojnzq@gmail.com', 'bjrks9iicl', 'GTrXnq6vVB'),
('16', 'Holly', 'Bùi', '1995-02-06', '0910305657', 'k69w29sef@gmail.com', 'lttvtvrqzw', 'nwsh2KL9wujmo40'),
('17', 'Stephen', 'Mason', '1971-03-08', '0772857891', 'ogmhap@gmail.com', 'k7meciw', 'MnLy3p@u9mYvXF1n7'),
('18', 'Frank', 'Hicks', '1993-03-27', '0771631941', 'eldx1om@gmail.com', 'q1mxal1c', '4aNeih01zsY8DHjFxk'),
('19', 'Joseph', 'Elliott', '1993-12-04', '0914365279', 'ydkkvi@gmail.com', 'dhed8ea', 'WgwlJJzj57Z'),
('20', 'Đại Nhân', 'Nhan', '1981-07-25', '0382321909', '9knjpq5@gmail.com', 'y1fyaosnn', 'egGGf25GO'),
('21', 'Vy Oanh', 'Gonzalez', '1998-07-25', '0358325035', 'oyhhix5gma@gmail.com', 'jvufcwmu', 'CqWbfIdfH'),
('22', 'Brittany', 'Ngô', '1987-05-11', '0387385016', 'omf19w1@gmail.com', '1r5wg93', '0SR6Acwt7vo2SbYE'),
('23', 'Ashley', 'Gonzalez', '1997-04-08', '0984304120', 'k7x1lulhn9@gmail.com', 'axdoxw6lf3', 'erErPKbSeT'),
('24', 'Mark', 'Powell', '1985-01-24', '0982257672', '68vov9@gmail.com', 'u29kcidlvq', 'RbdjfySa7bmz'),
('25', 'Laura', 'Nguyen', '1993-04-04', '0779919430', 'fco5es5v@gmail.com', 'i0z52b9el5', 'r4p8Dfoka'),
('26', 'Jacob', 'Ramirez', '1989-05-15', '0386480164', '43tasubsf@gmail.com', 'sl2qij17', 'zTnBe4Iwam'),
('27', 'Gary', 'Franklin', '1996-03-07', '0353971042', 'r9gjw2u7@gmail.com', 'rq09qi9r9u', '6hKiRWAEfM1a'),
('28', 'Susan', 'Black', '1990-09-01', '0989896306', 'oxf1e8kx@gmail.com', 'jlcunj4hg', 'dNFzaAmetOt4PWLAU'),
('29', 'Nicole', 'Young', '1981-05-15', '0906499631', 'pxt74sv1ao@gmail.com', 'h0pg5h', 'acHg37Bvbi'),
('30', 'Jeffrey', 'Đoàn', '1995-09-14', '0868935766', 'clodq0@gmail.com', 'mh7uuft5e5', 'qFEBIsJH5VbnY'),
('31', 'Terry', 'Ông', '1994-06-22', '0380173188', '9m3coujv4@gmail.com', 'wly91e', 'qVqbqLtiksbuCRzR'),
('32', 'William', 'Henry', '1990-10-09', '0777568897', 'jsjlr2b@gmail.com', 'v6knsnq2u', '1FfjSHQrn5lnCC7'),
('33', 'Nhật Tinh Anh', 'Cruz', '1991-05-15', '0358098179', 'p8i21v@gmail.com', 'cmexibptsp', 'QPhtxY85yqNyD9'),
('34', 'Akira Phan', 'Quan', '1988-07-25', '0386039562', '08n0jz296l@gmail.com', 'liqoqu9b', 'B3uxlCxHLZLTWoS'),
('35', 'Rachel', 'Ford', '1983-01-07', '0980484559', 'u8vttgkp6m@gmail.com', '82elhg', 'LFTni6FeYNzgm'),
('36', 'Jessica', 'Clark', '1987-07-18', '0386910074', 'arx87kn@gmail.com', '0shdlcg8q', 'PkMMQsPr6Wa4L4x0R'),
('37', 'Edward', 'Tô', '1985-02-01', '0355051776', '9b17p9te@gmail.com', '9ya9eha', 'j4ti1Vd7vayP7'),
('38', 'Victoria', 'Uông', '1989-05-28', '0389534509', '0ky43xen@gmail.com', 'k55ctmb', 's3AWw!xxXlpIUjO7'),
('39', 'Mary', 'Ortiz', '1987-06-18', '0866316004', 'lehwlb2lg9@gmail.com', '8uqj5g0', 'Q6WjNSpivPM'),
('40', 'Andrea', 'Hà', '1983-12-30', '0902690026', 'o13yr6ivi@gmail.com', '8f6z2yw', 'iQUTmuEn!qAbmi'),
('41', 'Samuel', 'Tạ', '1983-09-18', '0980310928', 'ktqpw3@gmail.com', 'kq4bvm', '8BEw!SQZ'),
('42', 'Michelle', 'Đinh', '2000-09-21', '0387454776', 'dotihs@gmail.com', 'efv7dbf8a', 'FSrUwE8sG'),
('43', 'Carol', 'Richardson', '1989-05-28', '0595151916', 's8psazb@gmail.com', 'pkt8i8', 'b!8!53hjL!T5K8qC'),
('44', 'Thuỳ Chi', 'Tạ', '1986-08-17', '0774858245', 'uwm370@gmail.com', 'mn0iequ', 'IPUn2hPnjW'),
('45', 'Nancy', 'Carter', '1993-05-24', '0590241550', '8evyty68nw@gmail.com', 'ars3czj', '3dMIp8TOK52'),
('46', 'Phương Thanh', 'Lại', '2000-12-18', '0917232781', '4z63pg@gmail.com', '6d1bqhgobk', '14UCmhoakX'),
('47', 'Christina', 'Patterson', '1985-05-15', '0908472296', '6bdbvjt3ye@gmail.com', 'k0ypux9a6g', 'q50@aIvTLlDb'),
('48', 'Arthur', 'Sanchez', '1983-09-18', '0596878688', 'qxj0n613l@gmail.com', '9ydhae', 'oM6SUbQJ'),
('49', 'Kelly', 'Garcia', '1980-10-04', '0861461827', 'bzalvcqu@gmail.com', '8pnx7dd0c', 'REpvuwa6zu8COBSR'),
('50', 'Jennifer', 'Giang', '1986-02-25', '0771976486', 'ikiiuv@gmail.com', '8m5qjb9tp0', 'W7!NKEyDzrWP');

-- Insert orders
INSERT INTO `order` (order_id, customer_id, employee_id, total_amount, total_discount, final_amount, order_date, status, payment_method, payment_status, note) VALUES
(1, 8, 32, 5293862.73, 70375.88, 5223486.84, '2025-02-17', 'Completed', 'Bank Transfer', 'Pending', NULL),
(2, 73, 28, 1848719.75, 102707.28, 1746012.47, '2025-03-07', 'Completed', 'Credit Card', 'Pending', NULL),
(3, 35, 35, 7905941.95, 525792.07, 7380149.89, '2025-02-07', 'Delivered', 'Bank Transfer', 'Failed', NULL),
(4, 16, 21, 2573290.20, 544374.92, 2028915.28, '2025-03-20', 'Delivered', 'Bank Transfer', 'Pending', NULL),
(5, 23, 45, 9906888.03, 2505127.17, 7401760.85, '2025-04-16', 'Processing', 'Cash', 'Pending', NULL),
(6, 84, 20, 5623187.96, 451200.47, 5171987.49, '2025-04-09', 'Delivered', 'Cash', 'Pending', NULL),
(7, 43, 44, 5248817.41, 1184479.98, 4064337.43, '2025-04-03', 'Completed', 'E-wallet', 'Failed', NULL),
(8, 45, 8, 6848750.27, 1070797.83, 5777952.44, '2025-04-02', 'Processing', 'Cash', 'Refunded', NULL),
(9, 39, 50, 8411053.80, 1595987.64, 6815066.16, '2025-02-12', 'Completed', 'Bank Transfer', 'Paid', NULL),
(10, 20, 50, 8951048.31, 1159863.77, 7791184.54, '2025-04-04', 'Processing', 'Bank Transfer', 'Refunded', NULL),
(11, 6, 29, 4147404.40, 1060248.05, 3087156.36, '2025-03-02', 'Delivered', 'Bank Transfer', 'Failed', NULL),
(12, 61, 32, 3267921.99, 181552.33, 3086369.66, '2025-02-24', 'Completed', 'E-wallet', 'Failed', NULL),
(13, 76, 46, 4761833.55, 719179.72, 4042653.83, '2025-01-04', 'Processing', 'Credit Card', 'Failed', NULL),
(14, 11, 25, 7921597.95, 496589.69, 7425008.26, '2025-02-13', 'Pending', 'E-wallet', 'Refunded', NULL),
(15, 38, 48, 7814203.31, 2133422.74, 5680780.58, '2025-06-26', 'Completed', 'Cash', 'Paid', NULL),
(16, 36, 24, 6274422.44, 1096755.33, 5177667.11, '2025-03-05', 'Processing', 'Credit Card', 'Pending', NULL),
(17, 32, 12, 1571306.50, 354302.83, 1217003.66, '2025-03-21', 'Cancelled', 'Credit Card', 'Paid', NULL),
(18, 75, 13, 2535386.21, 610242.94, 1925143.27, '2025-04-18', 'Pending', 'Credit Card', 'Refunded', NULL),
(19, 22, 17, 3665089.88, 990101.09, 2674988.78, '2025-05-10', 'Delivered', 'E-wallet', 'Refunded', NULL),
(20, 50, 48, 6441145.05, 1631879.93, 4809265.12, '2025-05-28', 'Completed', 'Cash', 'Pending', NULL),
(21, 56, 27, 8471480.45, 1818885.05, 6652595.40, '2025-01-09', 'Cancelled', 'Credit Card', 'Failed', NULL),
(22, 96, 46, 3848567.16, 960139.22, 2888427.93, '2025-04-24', 'Processing', 'Credit Card', 'Pending', NULL),
(23, 88, 42, 3789513.84, 589539.04, 3199974.80, '2025-05-18', 'Processing', 'E-wallet', 'Refunded', NULL),
(24, 58, 25, 6455427.72, 925494.03, 5529933.69, '2025-06-04', 'Completed', 'Bank Transfer', 'Refunded', NULL),
(25, 4, 39, 7604907.38, 2064722.95, 5540184.42, '2025-06-24', 'Pending', 'E-wallet', 'Failed', NULL),
(26, 91, 32, 8301736.50, 37395.44, 8264341.07, '2025-01-17', 'Delivered', 'Cash', 'Failed', NULL),
(27, 10, 30, 2188756.98, 39016.48, 2149740.50, '2025-01-20', 'Delivered', 'E-wallet', 'Failed', NULL),
(28, 10, 17, 5861598.56, 1013968.72, 4847629.84, '2025-05-04', 'Pending', 'Cash', 'Failed', NULL),
(29, 32, 28, 3650807.21, 1040458.33, 2610348.88, '2025-02-10', 'Cancelled', 'Bank Transfer', 'Pending', NULL),
(30, 23, 40, 7011902.22, 414332.87, 6597569.35, '2025-05-23', 'Pending', 'Credit Card', 'Pending', NULL),
(31, 64, 4, 5437788.02, 1341233.64, 4096554.38, '2025-04-19', 'Completed', 'Bank Transfer', 'Pending', NULL),
(32, 49, 13, 4595110.93, 1058753.27, 3536357.66, '2025-06-13', 'Cancelled', 'Cash', 'Refunded', NULL),
(33, 39, 26, 2286263.62, 278479.43, 2007784.19, '2025-04-14', 'Cancelled', 'Credit Card', 'Failed', NULL),
(34, 72, 34, 3306375.32, 622961.19, 2683414.13, '2025-02-25', 'Processing', 'E-wallet', 'Refunded', NULL),
(35, 17, 31, 9926114.69, 956593.07, 8969521.62, '2025-06-19', 'Delivered', 'E-wallet', 'Pending', NULL),
(36, 99, 12, 9840418.71, 155052.59, 9685366.13, '2025-02-15', 'Delivered', 'Bank Transfer', 'Refunded', NULL),
(37, 58, 26, 8496475.11, 2401063.88, 6095411.23, '2025-02-22', 'Delivered', 'Bank Transfer', 'Pending', NULL),
(38, 47, 38, 7285744.80, 1973868.29, 5311876.51, '2025-03-25', 'Completed', 'Credit Card', 'Failed', NULL),
(39, 35, 41, 1336741.23, 34182.42, 1302558.81, '2025-03-02', 'Completed', 'Credit Card', 'Refunded', NULL),
(40, 40, 31, 8238837.86, 474461.72, 7764376.14, '2025-01-13', 'Delivered', 'Cash', 'Pending', NULL),
(41, 69, 5, 5635273.29, 1597248.37, 4038024.93, '2025-06-13', 'Completed', 'Bank Transfer', 'Failed', NULL),
(42, 86, 34, 7687582.02, 1069767.38, 6617814.64, '2025-05-19', 'Processing', 'Bank Transfer', 'Refunded', NULL),
(43, 8, 26, 2517258.22, 245564.62, 2271693.60, '2025-05-02', 'Delivered', 'E-wallet', 'Failed', NULL),
(44, 43, 15, 4985412.15, 1200716.44, 3784695.71, '2025-06-01', 'Completed', 'Cash', 'Pending', NULL),
(45, 58, 14, 6645496.99, 142373.09, 6503123.91, '2025-01-13', 'Cancelled', 'E-wallet', 'Failed', NULL),
(46, 64, 38, 6845728.93, 148480.47, 6697248.46, '2025-06-18', 'Pending', 'Bank Transfer', 'Pending', NULL),
(47, 2, 8, 2398327.59, 181768.45, 2216559.14, '2025-03-14', 'Pending', 'E-wallet', 'Refunded', NULL),
(48, 28, 31, 1838831.75, 447420.81, 1391410.94, '2025-03-28', 'Delivered', 'Bank Transfer', 'Paid', NULL),
(49, 87, 36, 3342356.64, 781399.67, 2560956.97, '2025-05-13', 'Delivered', 'Cash', 'Pending', NULL),
(50, 90, 43, 2011047.70, 96922.10, 1914125.60, '2025-02-28', 'Completed', 'Cash', 'Failed', NULL),
(51, 55, 12, 8119083.22, 804375.74, 7314707.48, '2025-04-17', 'Pending', 'Credit Card', 'Paid', NULL),
(52, 48, 42, 6579851.68, 837727.75, 5742123.93, '2025-03-09', 'Pending', 'Credit Card', 'Pending', NULL),
(53, 4, 7, 4167180.39, 457872.24, 3709308.16, '2025-02-10', 'Delivered', 'E-wallet', 'Pending', NULL),
(54, 36, 11, 7829035.31, 1092103.48, 6736931.83, '2025-03-14', 'Processing', 'Bank Transfer', 'Paid', NULL),
(55, 38, 24, 8013061.92, 563729.07, 7449332.85, '2025-03-16', 'Cancelled', 'E-wallet', 'Failed', NULL),
(56, 64, 42, 8947477.65, 747511.83, 8199965.82, '2025-05-12', 'Pending', 'E-wallet', 'Refunded', NULL),
(57, 9, 38, 4320169.68, 715365.36, 3604804.33, '2025-01-04', 'Delivered', 'Credit Card', 'Pending', NULL),
(58, 86, 33, 3244026.00, 825208.46, 2418817.54, '2025-01-21', 'Cancelled', 'Credit Card', 'Paid', NULL),
(59, 92, 11, 6610889.00, 1612300.74, 4998588.26, '2025-02-03', 'Completed', 'E-wallet', 'Pending', NULL),
(60, 61, 49, 6585894.34, 1803860.12, 4782034.22, '2025-06-16', 'Cancelled', 'Cash', 'Paid', NULL),
(61, 51, 43, 6674336.99, 262761.15, 6411575.83, '2025-05-08', 'Processing', 'Credit Card', 'Pending', NULL),
(62, 23, 14, 5619617.30, 1209503.13, 4410114.17, '2025-03-18', 'Delivered', 'Bank Transfer', 'Failed', NULL),
(63, 50, 17, 9319101.54, 2283374.69, 7035726.84, '2025-01-20', 'Completed', 'Cash', 'Pending', NULL),
(64, 86, 9, 7031952.88, 493741.08, 6538211.80, '2025-04-17', 'Completed', 'Bank Transfer', 'Pending', NULL),
(65, 63, 28, 9379253.52, 2057069.78, 7322183.74, '2025-04-15', 'Completed', 'Bank Transfer', 'Pending', NULL),
(66, 63, 9, 2351908.93, 668342.08, 1683566.86, '2025-06-17', 'Processing', 'Credit Card', 'Pending', NULL),
(67, 86, 40, 9926389.36, 2054014.64, 7872374.71, '2025-02-11', 'Cancelled', 'Cash', 'Refunded', NULL),
(68, 31, 34, 8274269.84, 297037.37, 7977232.47, '2025-04-12', 'Pending', 'E-wallet', 'Refunded', NULL),
(69, 36, 10, 6561723.69, 398004.88, 6163718.81, '2025-04-18', 'Pending', 'Bank Transfer', 'Pending', NULL),
(70, 54, 11, 5758049.26, 1218632.16, 4539417.10, '2025-06-20', 'Cancelled', 'Cash', 'Paid', NULL),
(71, 12, 29, 2597735.53, 152620.03, 2445115.49, '2025-04-25', 'Delivered', 'Credit Card', 'Paid', NULL),
(72, 57, 45, 9917050.69, 2449678.28, 7467372.41, '2025-03-03', 'Processing', 'E-wallet', 'Pending', NULL),
(73, 97, 14, 8027344.58, 1630408.14, 6396936.44, '2025-06-03', 'Processing', 'E-wallet', 'Paid', NULL),
(74, 68, 12, 6522171.70, 191801.65, 6330370.05, '2025-01-17', 'Pending', 'Cash', 'Pending', NULL),
(75, 96, 37, 8511856.44, 421059.85, 8090796.59, '2025-04-14', 'Delivered', 'E-wallet', 'Pending', NULL),
(76, 5, 19, 3477767.27, 347734.27, 3130032.99, '2025-05-02', 'Completed', 'Credit Card', 'Paid', NULL),
(77, 42, 25, 7370342.11, 1823162.66, 5547179.45, '2025-06-14', 'Cancelled', 'Credit Card', 'Refunded', NULL),
(78, 63, 20, 1477095.86, 14362.09, 1462733.76, '2025-05-02', 'Delivered', 'Credit Card', 'Pending', NULL),
(79, 25, 39, 3793084.51, 158671.25, 3634413.25, '2025-05-12', 'Processing', 'Credit Card', 'Refunded', NULL),
(80, 25, 2, 2850978.12, 293050.31, 2557927.81, '2025-05-02', 'Completed', 'E-wallet', 'Refunded', NULL),
(81, 97, 1, 3397564.62, 340337.12, 3057227.50, '2025-04-05', 'Pending', 'Cash', 'Paid', NULL),
(82, 26, 2, 6010193.18, 375942.01, 5634251.17, '2025-05-11', 'Delivered', 'Cash', 'Pending', NULL),
(83, 88, 11, 8906552.32, 542351.87, 8364200.45, '2025-01-15', 'Cancelled', 'Cash', 'Paid', NULL),
(84, 48, 1, 9470442.82, 2805236.09, 6665206.73, '2025-03-04', 'Delivered', 'E-wallet', 'Refunded', NULL),
(85, 92, 45, 4274849.70, 202072.66, 4072777.04, '2025-04-01', 'Completed', 'Cash', 'Failed', NULL),
(86, 80, 11, 1861903.74, 359004.73, 1502899.02, '2025-06-19', 'Completed', 'Cash', 'Refunded', NULL),
(87, 25, 44, 1155186.62, 267222.62, 887964.00, '2025-02-10', 'Delivered', 'Cash', 'Refunded', NULL),
(88, 22, 43, 9197149.57, 22314.32, 9174835.25, '2025-03-26', 'Completed', 'Credit Card', 'Failed', NULL),
(89, 20, 49, 2297524.95, 376191.93, 1921333.02, '2025-04-03', 'Delivered', 'Bank Transfer', 'Paid', NULL),
(90, 58, 30, 9614093.45, 1820830.14, 7793263.31, '2025-05-19', 'Processing', 'Bank Transfer', 'Paid', NULL),
(91, 64, 3, 9451765.50, 1776846.53, 7674918.96, '2025-05-15', 'Cancelled', 'Cash', 'Paid', NULL),
(92, 92, 6, 3470625.93, 512221.05, 2958404.89, '2025-03-27', 'Processing', 'E-wallet', 'Failed', NULL),
(93, 2, 39, 1697378.46, 205242.57, 1492135.89, '2025-03-06', 'Delivered', 'Credit Card', 'Failed', NULL),
(94, 20, 1, 2634540.85, 442517.96, 2192022.89, '2025-04-22', 'Processing', 'Bank Transfer', 'Paid', NULL),
(95, 80, 19, 8010589.92, 2356605.20, 5653984.72, '2025-02-18', 'Cancelled', 'Credit Card', 'Refunded', NULL),
(96, 53, 10, 9749504.07, 2487823.98, 7261680.09, '2025-04-13', 'Completed', 'Cash', 'Paid', NULL),
(97, 74, 45, 6385662.40, 1912307.79, 4473354.61, '2025-04-05', 'Processing', 'Credit Card', 'Refunded', NULL),
(98, 88, 16, 4770622.88, 664468.70, 4106154.19, '2025-04-13', 'Delivered', 'Credit Card', 'Refunded', NULL),
(99, 36, 36, 4120761.74, 1037478.20, 3083283.54, '2025-02-17', 'Cancelled', 'Credit Card', 'Refunded', NULL),
(100, 9, 27, 6771568.96, 387918.09, 6383650.87, '2025-05-14', 'Delivered', 'Credit Card', 'Pending', NULL);

-- Insert order details
INSERT INTO orderdetail (orderdetail_id, order_id, variant_id, quantity, unit_price, discount, sub_total) VALUES
(1, 1, 69, 4, 1250343.33, 140225.28, 4861148.06),
(2, 1, 53, 4, 1422879.73, 133815.92, 5557702.99),
(3, 2, 66, 3, 599749.75, 30808.40, 1768440.85),
(4, 2, 63, 1, 1401181.07, 269870.71, 1131310.35),
(5, 2, 45, 2, 1188863.80, 122169.93, 2255557.66),
(6, 2, 55, 2, 872402.11, 104436.92, 1640367.30),
(7, 3, 38, 2, 1602465.90, 161826.22, 3043105.57),
(8, 3, 24, 4, 1558153.02, 158521.04, 6074091.04),
(9, 4, 40, 4, 1676808.98, 261374.85, 6445861.09),
(10, 4, 31, 3, 948026.98, 84858.64, 2759222.29),
(11, 4, 38, 1, 1046403.39, 204318.03, 842085.36),
(12, 5, 50, 4, 1722174.75, 304007.18, 6584691.82),
(13, 5, 66, 2, 1246223.33, 42954.33, 2449492.34),
(14, 5, 8, 5, 1793633.84, 118915.07, 8849254.12),
(15, 6, 22, 5, 915524.77, 81295.54, 4496328.29),
(16, 6, 51, 5, 1542771.69, 20876.64, 7692981.81),
(17, 6, 40, 3, 1803109.84, 143205.45, 5266124.06),
(18, 7, 52, 3, 737586.60, 71933.10, 2140826.69),
(19, 7, 36, 5, 1827143.16, 20475.69, 9115240.12),
(20, 7, 46, 3, 715521.71, 74441.16, 2072123.98),
(21, 7, 60, 3, 1157048.25, 109126.31, 3362018.44),
(22, 8, 70, 3, 890713.22, 34250.88, 2637888.77),
(23, 8, 13, 2, 827814.57, 75518.15, 1580110.99),
(24, 8, 10, 3, 805841.24, 15680.54, 2401843.18),
(25, 9, 69, 1, 1808420.06, 297519.79, 1510900.27),
(26, 9, 23, 5, 1083620.72, 182992.24, 5235111.34),
(27, 10, 50, 4, 638294.63, 82769.67, 2470408.83),
(28, 10, 26, 2, 1150593.59, 159391.29, 2141795.88),
(29, 10, 2, 5, 1987685.78, 373964.21, 9564464.70),
(30, 11, 55, 4, 1271584.22, 54407.21, 5031929.65),
(31, 11, 70, 2, 1313287.76, 55085.38, 2571490.14),
(32, 11, 46, 3, 1750144.96, 199279.48, 5051155.40),
(33, 12, 60, 1, 1077715.38, 212753.98, 864961.40),
(34, 12, 35, 4, 1217841.12, 137955.34, 4733409.14),
(35, 12, 57, 5, 1624530.78, 96320.64, 8026333.25),
(36, 13, 41, 5, 1371242.41, 28724.66, 6827487.39),
(37, 13, 54, 4, 972106.08, 183806.28, 3704618.05),
(38, 13, 17, 5, 1434415.72, 166866.23, 7005212.38),
(39, 14, 2, 1, 873500.78, 28236.09, 845264.69),
(40, 14, 14, 1, 866542.56, 43656.38, 822886.18),
(41, 14, 16, 2, 698675.50, 104842.90, 1292508.09),
(42, 14, 6, 4, 1919156.47, 226547.97, 7450077.91),
(43, 15, 49, 2, 1494338.82, 148845.58, 2839832.06),
(44, 15, 12, 5, 642826.62, 918.13, 3213214.99),
(45, 15, 19, 1, 896252.33, 66274.59, 829977.74),
(46, 16, 53, 2, 1130588.70, 26988.94, 2234188.47),
(47, 16, 14, 5, 558229.32, 37752.50, 2753394.08),
(48, 17, 28, 2, 1621234.78, 278064.50, 2964405.06),
(49, 17, 22, 1, 1664632.10, 170034.60, 1494597.50),
(50, 17, 70, 5, 1359477.52, 86347.38, 6711040.23),
(51, 17, 70, 4, 1888531.14, 23999.28, 7530125.30),
(52, 18, 56, 1, 884670.55, 83010.59, 801659.96),
(53, 18, 40, 4, 1540894.80, 207637.77, 5955941.44),
(54, 18, 8, 3, 1897000.03, 213951.64, 5477048.45),
(55, 19, 61, 4, 1933164.46, 319777.15, 7412880.70),
(56, 19, 10, 4, 1840968.05, 187810.54, 7176061.65),
(57, 20, 34, 1, 724906.16, 88147.10, 636759.05),
(58, 20, 24, 1, 1809518.72, 332292.74, 1477225.99),
(59, 21, 3, 1, 1621829.89, 281581.78, 1340248.11),
(60, 21, 22, 1, 1057298.50, 3742.99, 1053555.51),
(61, 21, 23, 1, 922986.54, 131939.72, 791046.82),
(62, 22, 38, 1, 1133884.70, 190296.91, 943587.79),
(63, 22, 16, 2, 1906750.69, 54676.44, 3758824.95),
(64, 22, 40, 3, 1737372.97, 149638.78, 5062480.12),
(65, 23, 51, 1, 1373165.07, 233354.67, 1139810.41),
(66, 23, 70, 3, 1488296.15, 104785.28, 4360103.18),
(67, 24, 53, 5, 1783242.29, 330275.61, 8585935.83),
(68, 24, 16, 2, 862147.89, 120159.21, 1604136.57),
(69, 24, 49, 4, 1897503.59, 149347.26, 7440667.08),
(70, 24, 55, 3, 710165.72, 82592.23, 2047904.92),
(71, 25, 9, 4, 944685.20, 76879.10, 3701861.70),
(72, 25, 53, 4, 1359981.08, 261952.10, 5177972.21),
(73, 25, 1, 1, 1684453.87, 176264.40, 1508189.48),
(74, 25, 13, 5, 1969328.90, 154964.37, 9691680.12),
(75, 26, 29, 2, 1672917.87, 209396.81, 3136438.94),
(76, 26, 47, 1, 877025.67, 8109.95, 868915.71),
(77, 26, 56, 1, 1778939.18, 76690.86, 1702248.31),
(78, 27, 11, 5, 733603.93, 10961.41, 3657058.25),
(79, 27, 17, 1, 536988.43, 79698.54, 457289.89),
(80, 28, 30, 5, 1870815.15, 4065.13, 9350010.62),
(81, 28, 55, 1, 1902310.25, 226010.74, 1676299.51),
(82, 28, 9, 1, 1552613.91, 287437.56, 1265176.35),
(83, 29, 15, 5, 732413.71, 59671.37, 3602397.18),
(84, 29, 61, 3, 1695211.65, 57871.14, 5027763.79),
(85, 30, 12, 3, 1587450.79, 151075.98, 4611276.39),
(86, 30, 66, 2, 1511093.48, 7876.67, 3014310.29),
(87, 31, 69, 1, 1165150.91, 124227.77, 1040923.15),
(88, 31, 62, 4, 1174901.58, 194799.81, 4504806.50),
(89, 31, 58, 5, 687597.28, 127140.55, 3310845.84),
(90, 31, 12, 4, 734427.93, 120186.45, 2817525.27),
(91, 32, 19, 1, 753563.04, 9870.58, 743692.46),
(92, 32, 31, 3, 736671.04, 12702.39, 2197310.74),
(93, 32, 33, 2, 1646732.99, 327678.10, 2965787.88),
(94, 32, 3, 1, 1614825.89, 788.51, 1614037.38),
(95, 33, 63, 5, 1234275.34, 36741.60, 6134635.09),
(96, 33, 33, 2, 1238624.23, 72781.98, 2404466.47),
(97, 33, 57, 1, 1349177.53, 175717.95, 1173459.58),
(98, 34, 23, 4, 1135578.48, 66740.84, 4475573.08),
(99, 34, 20, 1, 887600.33, 155491.91, 732108.42),
(100, 35, 60, 4, 1056611.84, 131951.53, 4094495.82),
(101, 35, 37, 5, 861003.45, 22440.17, 4282577.08),
(102, 35, 41, 4, 695379.50, 10029.49, 2771488.50),
(103, 35, 30, 1, 909115.88, 8456.63, 900659.24),
(104, 36, 10, 5, 655095.07, 62416.66, 3213058.66),
(105, 36, 21, 4, 537675.10, 25158.34, 2125542.06),
(106, 36, 35, 1, 1189275.80, 193038.19, 996237.61),
(107, 37, 28, 3, 1454374.83, 27971.65, 4335152.84),
(108, 37, 62, 2, 1679052.10, 93834.66, 3264269.53),
(109, 37, 11, 1, 1957838.68, 85048.60, 1872790.08),
(110, 38, 9, 4, 1083208.72, 123868.01, 4208966.86),
(111, 38, 39, 2, 1255607.78, 154242.76, 2356972.80),
(112, 39, 34, 3, 511215.55, 21271.14, 1512375.52),
(113, 39, 3, 4, 647358.62, 51568.21, 2537866.28),
(114, 40, 47, 4, 905545.21, 133652.69, 3488528.16),
(115, 40, 22, 5, 1707892.09, 154928.39, 8384532.05),
(116, 40, 21, 4, 1371837.52, 270306.46, 5217043.62),
(117, 41, 2, 2, 695883.05, 52158.84, 1339607.26),
(118, 41, 8, 5, 1200994.90, 33148.59, 5971825.93),
(119, 41, 67, 4, 706228.83, 129348.48, 2695566.83),
(120, 42, 32, 4, 775261.70, 132012.40, 2969034.39),
(121, 42, 46, 3, 1163548.69, 12868.74, 3477777.34),
(122, 42, 7, 5, 1301385.54, 44394.93, 6462532.77),
(123, 43, 36, 5, 1157689.14, 191062.69, 5597383.00),
(124, 43, 10, 3, 1147938.47, 160291.69, 3283523.74),
(125, 43, 66, 4, 883617.66, 53933.39, 3480537.27),
(126, 44, 14, 5, 942030.09, 187698.78, 4522451.67),
(127, 44, 53, 1, 1525009.92, 86743.17, 1438266.75),
(128, 44, 18, 4, 1772667.62, 40087.49, 7050583.00),
(129, 44, 14, 1, 1107242.04, 76415.82, 1030826.22),
(130, 45, 41, 3, 653721.73, 10877.07, 1950288.12),
(131, 45, 42, 5, 1131092.26, 127583.15, 5527878.14),
(132, 46, 10, 3, 1759346.29, 55872.55, 5222166.33),
(133, 46, 49, 4, 657750.18, 108798.67, 2522202.03),
(134, 47, 62, 1, 1463209.94, 109627.99, 1353581.95),
(135, 47, 15, 4, 955854.98, 128621.96, 3694797.94),
(136, 47, 54, 3, 594302.19, 96112.74, 1686793.84),
(137, 47, 43, 2, 1894711.14, 268764.84, 3520657.45),
(138, 48, 37, 4, 1021134.07, 189417.92, 3895118.35),
(139, 48, 34, 5, 1870082.71, 224156.52, 9126257.00),
(140, 48, 69, 4, 869838.56, 123312.30, 3356041.93),
(141, 48, 66, 2, 962858.97, 125015.63, 1800702.32),
(142, 49, 5, 2, 933332.32, 78797.89, 1787866.74),
(143, 49, 10, 1, 1101702.93, 133178.05, 968524.88),
(144, 50, 27, 2, 555253.76, 79525.31, 1030982.21),
(145, 50, 66, 1, 1533661.92, 223644.01, 1310017.90),
(146, 50, 56, 5, 763634.14, 6860.98, 3811309.74),
(147, 50, 48, 5, 698675.50, 51220.99, 3442156.49),
(148, 51, 55, 3, 846491.90, 46448.94, 2493026.75),
(149, 51, 14, 4, 1077166.05, 152651.40, 4156012.81),
(150, 51, 69, 3, 1562822.35, 31087.61, 4657379.45),
(151, 52, 53, 4, 824289.68, 157129.98, 3140028.74),
(152, 52, 70, 2, 1546250.80, 33126.87, 3059374.73),
(153, 52, 57, 1, 1477172.15, 174139.24, 1303032.91),
(154, 52, 11, 4, 1600589.01, 82484.04, 6319871.99),
(155, 53, 31, 2, 1684041.87, 137911.86, 3230171.88),
(156, 53, 38, 5, 1504318.37, 109788.11, 7411803.74),
(157, 54, 51, 4, 913693.66, 3463.26, 3651311.36),
(158, 54, 35, 1, 1458952.60, 7115.10, 1451837.50),
(159, 54, 39, 4, 853862.12, 167238.88, 3248209.59),
(160, 55, 59, 2, 1058992.28, 83886.85, 2034097.71),
(161, 55, 53, 2, 656880.40, 32889.13, 1280871.67),
(162, 55, 43, 4, 520783.10, 54171.49, 2028960.93),
(163, 55, 55, 1, 713690.60, 72455.92, 641234.68),
(164, 56, 43, 5, 1164464.25, 124417.53, 5697903.70),
(165, 56, 16, 2, 863246.56, 142289.34, 1584203.78),
(166, 57, 4, 1, 1548448.13, 290484.65, 1257963.48),
(167, 57, 25, 5, 1078356.27, 86967.51, 5304813.86),
(168, 58, 2, 2, 1070207.83, 106645.18, 2033770.48),
(169, 58, 1, 5, 1312738.43, 120380.76, 6443311.37),
(170, 58, 32, 2, 949171.42, 140259.65, 1758083.19),
(171, 59, 13, 3, 785012.36, 142594.49, 2212442.59),
(172, 59, 12, 3, 1822656.94, 222343.34, 5245627.48),
(173, 59, 31, 5, 918866.54, 146336.65, 4447996.06),
(174, 59, 48, 2, 546098.21, 32155.58, 1060040.84),
(175, 60, 13, 3, 836054.57, 58975.69, 2449188.01),
(176, 60, 51, 1, 1902813.81, 23553.61, 1879260.19),
(177, 61, 21, 2, 1873195.59, 130009.50, 3616381.68),
(178, 61, 26, 4, 1134662.92, 86189.64, 4452462.05),
(179, 61, 63, 4, 711813.72, 217.23, 2847037.63),
(180, 61, 21, 2, 1707663.20, 85667.19, 3329659.21),
(181, 62, 10, 5, 1272682.88, 170431.61, 6192982.80),
(182, 62, 23, 1, 822870.57, 26689.87, 796180.70),
(183, 62, 38, 5, 1648609.88, 254926.50, 7988122.91),
(184, 62, 8, 4, 1761909.85, 53061.09, 6994578.31),
(185, 63, 25, 5, 1455427.72, 276916.37, 7000222.22),
(186, 63, 12, 2, 1209097.57, 56877.44, 2361317.70),
(187, 64, 58, 3, 760979.03, 35184.28, 2247752.82),
(188, 64, 21, 3, 925183.87, 165046.23, 2610505.39),
(189, 64, 5, 1, 1895626.70, 325242.26, 1570384.43),
(190, 64, 59, 3, 1172154.91, 155846.13, 3360618.61),
(191, 65, 55, 5, 904034.55, 73322.62, 4446850.12),
(192, 65, 14, 2, 1419537.95, 152528.74, 2686547.16),
(193, 65, 10, 2, 1719565.42, 85067.77, 3354063.07),
(194, 65, 14, 4, 705175.94, 22291.37, 2798412.39),
(195, 66, 52, 4, 718268.38, 46738.85, 2826334.67),
(196, 66, 43, 4, 1904919.58, 316942.06, 7302736.27),
(197, 66, 63, 4, 1924787.13, 58976.60, 7640171.93),
(198, 66, 43, 2, 1867885.37, 277512.12, 3458258.63),
(199, 67, 46, 1, 1288018.43, 82594.82, 1205423.62),
(200, 67, 59, 5, 1608279.67, 52773.29, 7988625.07),
(201, 68, 29, 5, 1646595.66, 40884.74, 8192093.56),
(202, 68, 29, 5, 1094653.16, 67930.17, 5405335.62),
(203, 68, 46, 2, 1818948.94, 67391.10, 3570506.79),
(204, 69, 2, 5, 1804757.84, 94702.01, 8929087.17),
(205, 69, 12, 1, 1686056.09, 19861.98, 1666194.11),
(206, 70, 18, 5, 1904919.58, 120212.19, 9404385.73),
(207, 70, 60, 5, 545365.76, 49861.35, 2676967.47),
(208, 70, 51, 2, 763496.81, 130200.12, 1396793.50),
(209, 70, 23, 3, 902111.88, 120564.24, 2585771.41),
(210, 71, 40, 3, 1153019.81, 158052.42, 3301007.00),
(211, 71, 15, 2, 1124454.48, 90541.11, 2158367.85),
(212, 72, 53, 3, 1399029.51, 190937.83, 4006150.70),
(213, 72, 52, 3, 658391.06, 67203.43, 1907969.76),
(214, 72, 25, 1, 623371.07, 103549.57, 519821.50),
(215, 73, 56, 1, 1337412.64, 226772.81, 1110639.83),
(216, 73, 22, 2, 1027588.73, 191186.01, 1863991.46),
(217, 73, 67, 1, 1171239.36, 119929.88, 1051309.48),
(218, 73, 41, 3, 1762962.74, 257899.28, 5030988.93),
(219, 74, 46, 4, 640217.29, 78267.23, 2482601.93),
(220, 74, 58, 4, 605517.75, 25534.97, 2396536.01),
(221, 74, 57, 5, 888012.33, 167580.59, 4272481.06),
(222, 75, 20, 4, 1150776.70, 162795.20, 4440311.58),
(223, 75, 1, 3, 526596.88, 84147.50, 1495643.14),
(224, 76, 63, 2, 1267601.55, 224.37, 2534978.73),
(225, 76, 53, 4, 1330088.20, 149136.14, 5171216.65),
(226, 77, 27, 2, 800164.80, 1137.96, 1599191.64),
(227, 77, 40, 1, 884533.22, 164769.86, 719763.36),
(228, 77, 30, 4, 1736091.19, 224870.09, 6719494.67),
(229, 78, 1, 2, 1653004.55, 154751.94, 3151257.16),
(230, 78, 8, 2, 1393307.29, 235825.14, 2550789.45),
(231, 79, 15, 4, 1309076.20, 84872.02, 5151432.80),
(232, 79, 29, 4, 630970.18, 66865.47, 2457015.26),
(233, 79, 55, 2, 784417.25, 16082.38, 1552752.11),
(234, 80, 36, 5, 805154.58, 54043.92, 3971728.97),
(235, 80, 52, 5, 1316537.98, 88754.92, 6493934.98),
(236, 80, 21, 2, 1189916.68, 170685.34, 2209148.03),
(237, 81, 1, 2, 1780129.40, 190437.50, 3369821.30),
(238, 81, 65, 4, 1375591.30, 80821.81, 5421543.37),
(239, 82, 34, 5, 1959532.46, 348573.95, 9449088.33),
(240, 82, 53, 1, 508011.11, 26961.01, 481050.10),
(241, 82, 6, 2, 1234916.23, 56026.69, 2413805.77),
(242, 83, 49, 2, 845988.34, 80057.39, 1611919.29),
(243, 83, 49, 5, 1952620.01, 11620.26, 9751479.81),
(244, 84, 58, 3, 1925519.58, 261840.58, 5514718.16),
(245, 84, 67, 1, 533097.32, 103378.61, 429718.71),
(246, 84, 51, 3, 550080.87, 41018.94, 1609223.68),
(247, 85, 43, 3, 1770744.96, 206229.34, 5106005.53),
(248, 85, 6, 5, 781304.36, 61203.41, 3845318.40),
(249, 86, 67, 3, 1544511.25, 157170.88, 4476362.86),
(250, 86, 27, 2, 1019165.62, 35557.42, 2002773.82),
(251, 87, 66, 5, 599017.30, 32295.42, 2962791.10),
(252, 87, 63, 5, 1323633.53, 163544.50, 6454623.17),
(253, 88, 18, 5, 864757.23, 92300.24, 4231485.89),
(254, 88, 62, 4, 1471495.71, 124745.04, 5761237.81),
(255, 88, 68, 5, 988723.41, 112870.23, 4830746.82),
(256, 88, 7, 5, 812524.80, 86199.49, 3976424.49),
(257, 89, 62, 4, 703939.94, 110427.93, 2705331.83),
(258, 89, 23, 1, 1366115.30, 268411.83, 1097703.47),
(259, 89, 19, 1, 1037476.73, 16382.04, 1021094.68),
(260, 89, 51, 4, 928525.65, 118857.63, 3595244.97),
(261, 90, 25, 1, 842783.90, 114003.58, 728780.32),
(262, 90, 26, 1, 1181630.91, 163099.47, 1018531.44),
(263, 91, 21, 3, 1416653.95, 207792.05, 4042169.80),
(264, 91, 14, 4, 950041.20, 151655.19, 3648509.61),
(265, 92, 33, 3, 1302850.43, 99927.48, 3808623.81),
(266, 92, 67, 3, 1087832.27, 1215.08, 3262281.73),
(267, 92, 53, 4, 1752342.30, 225745.03, 6783624.16),
(268, 93, 24, 5, 1554719.69, 280871.57, 7492726.87),
(269, 93, 1, 1, 1234916.23, 134130.89, 1100785.34),
(270, 93, 9, 3, 1824121.83, 5244.06, 5467121.42),
(271, 93, 65, 3, 1859508.04, 306174.44, 5272349.69),
(272, 94, 50, 2, 590319.53, 19921.73, 1160717.33),
(273, 94, 31, 3, 1163594.47, 41519.66, 3449263.75),
(274, 95, 56, 3, 631748.41, 36982.93, 1858262.28),
(275, 95, 38, 5, 1621829.89, 65631.47, 8043517.98),
(276, 95, 58, 5, 1092547.38, 169535.40, 5293201.50),
(277, 95, 66, 2, 1486968.60, 230294.75, 2743642.44),
(278, 96, 42, 2, 1202597.13, 109230.92, 2295963.33),
(279, 96, 33, 4, 1878780.48, 28095.41, 7487026.51),
(280, 97, 23, 3, 1995330.67, 198296.91, 5787695.10),
(281, 97, 48, 4, 1271309.55, 230486.21, 4854751.99),
(282, 97, 48, 5, 787575.91, 81370.27, 3856509.31),
(283, 98, 33, 3, 1452131.72, 105917.38, 4250477.77),
(284, 98, 14, 5, 1896450.70, 253118.61, 9229134.88),
(285, 99, 34, 3, 1109485.15, 162777.76, 3165677.70),
(286, 99, 43, 5, 1172017.58, 186466.93, 5673620.96),
(287, 99, 51, 1, 735755.49, 111763.34, 623992.15),
(288, 100, 45, 2, 1905514.69, 327159.78, 3483869.61),
(289, 100, 29, 3, 1317133.09, 130824.96, 3820574.32),
(290, 100, 12, 3, 1498962.37, 15050.47, 4481836.65);

-- Insert feedbacks
INSERT INTO feedback (feedback_id, orderdetail_id, feedback, rating, feedback_date) VALUES
(1, 107, 'Perfect fit', 1, '2025-02-26'),
(2, 235, 'Better than expected', 2, '2025-02-28'),
(3, 193, 'Excellent service', 1, '2025-02-01'),
(4, 88, 'Excellent service', 3, '2025-03-27'),
(5, 31, 'Nice shoes, fast delivery', 3, '2025-03-28'),
(6, 41, 'Perfect fit', 2, '2025-02-09'),
(7, 156, 'Good value for money', 2, '2025-06-12'),
(8, 163, 'Product matches the description', 2, '2025-05-04'),
(9, 155, 'Excellent service', 5, '2025-02-09'),
(10, 227, 'Great product, very satisfied!', 3, '2025-05-08'),
(11, 118, 'Perfect fit', 2, '2025-01-01'),
(12, 256, 'Would buy again', 1, '2025-06-09'),
(13, 110, 'Better than expected', 3, '2025-04-25'),
(14, 44, 'Great product, very satisfied!', 2, '2025-01-14'),
(15, 63, 'Good value for money', 1, '2025-05-18'),
(16, 248, 'Nice shoes, fast delivery', 2, '2025-06-04'),
(17, 50, 'Excellent service', 3, '2025-05-28'),
(18, 81, 'Nice shoes, fast delivery', 5, '2025-02-21'),
(19, 190, 'Good quality but a bit expensive', 3, '2025-05-16'),
(20, 211, 'Great product, very satisfied!', 5, '2025-06-11'),
(21, 165, 'Great product, very satisfied!', 2, '2025-04-24'),
(22, 33, 'Highly recommended', 4, '2025-01-16'),
(23, 196, 'Better than expected', 2, '2025-05-03'),
(24, 32, 'Nice shoes, fast delivery', 2, '2025-03-23'),
(25, 71, 'Nice shoes, fast delivery', 4, '2025-04-11'),
(26, 102, 'Better than expected', 5, '2025-03-06'),
(27, 57, 'Good quality but a bit expensive', 3, '2025-03-13'),
(28, 180, 'Excellent service', 2, '2025-05-28'),
(29, 169, 'Nice shoes, fast delivery', 2, '2025-03-10'),
(30, 81, 'Good value for money', 4, '2025-01-04'),
(31, 101, 'Product matches the description', 3, '2025-01-09'),
(32, 117, 'Excellent service', 3, '2025-01-02'),
(33, 282, 'Good value for money', 3, '2025-03-06'),
(34, 261, 'Product matches the description', 2, '2025-05-07'),
(35, 149, 'Good quality but a bit expensive', 1, '2025-05-05'),
(36, 258, 'Highly recommended', 2, '2025-02-07'),
(37, 278, 'Great product, very satisfied!', 2, '2025-01-26'),
(38, 274, 'Excellent service', 4, '2025-04-09'),
(39, 132, 'Good quality but a bit expensive', 1, '2025-04-08'),
(40, 210, 'Would buy again', 4, '2025-04-01'),
(41, 24, 'Nice shoes, fast delivery', 5, '2025-02-21'),
(42, 274, 'Better than expected', 2, '2025-05-04'),
(43, 214, 'Great product, very satisfied!', 4, '2025-03-17'),
(44, 76, 'Good quality but a bit expensive', 2, '2025-06-18'),
(45, 184, 'Excellent service', 1, '2025-05-05'),
(46, 14, 'Good value for money', 1, '2025-02-04'),
(47, 273, 'Great product, very satisfied!', 2, '2025-05-26'),
(48, 166, 'Good quality but a bit expensive', 4, '2025-04-22'),
(49, 50, 'Nice shoes, fast delivery', 4, '2025-06-13'),
(50, 178, 'Product matches the description', 1, '2025-06-15'),
(51, 180, 'Product matches the description', 3, '2025-01-21'),
(52, 83, 'Product matches the description', 5, '2025-01-07'),
(53, 275, 'Highly recommended', 5, '2025-03-27'),
(54, 130, 'Good quality but a bit expensive', 2, '2025-01-07'),
(55, 179, 'Good quality but a bit expensive', 1, '2025-06-12'),
(56, 75, 'Great product, very satisfied!', 1, '2025-03-23'),
(57, 69, 'Better than expected', 4, '2025-01-24'),
(58, 184, 'Perfect fit', 1, '2025-02-19'),
(59, 218, 'Good quality but a bit expensive', 1, '2025-04-16'),
(60, 125, 'Good value for money', 2, '2025-04-19'),
(61, 185, 'Excellent service', 2, '2025-06-03'),
(62, 215, 'Product matches the description', 4, '2025-05-06'),
(63, 101, 'Highly recommended', 1, '2025-06-04'),
(64, 230, 'Nice shoes, fast delivery', 2, '2025-05-28'),
(65, 82, 'Better than expected', 3, '2025-04-01'),
(66, 153, 'Better than expected', 4, '2025-02-16'),
(67, 229, 'Great product, very satisfied!', 4, '2025-05-01'),
(68, 237, 'Highly recommended', 3, '2025-01-06'),
(69, 31, 'Good value for money', 3, '2025-05-12'),
(70, 225, 'Better than expected', 3, '2025-05-09'),
(71, 119, 'Perfect fit', 2, '2025-06-09'),
(72, 113, 'Great product, very satisfied!', 5, '2025-02-23'),
(73, 29, 'Nice shoes, fast delivery', 4, '2025-04-01'),
(74, 128, 'Nice shoes, fast delivery', 2, '2025-06-16'),
(75, 273, 'Product matches the description', 1, '2025-04-27'),
(76, 142, 'Good quality but a bit expensive', 3, '2025-01-20'),
(77, 196, 'Good quality but a bit expensive', 5, '2025-06-02'),
(78, 220, 'Highly recommended', 3, '2025-01-12'),
(79, 282, 'Good quality but a bit expensive', 1, '2025-01-02'),
(80, 184, 'Good value for money', 5, '2025-01-21'),
(81, 29, 'Great product, very satisfied!', 3, '2025-01-23'),
(82, 149, 'Product matches the description', 3, '2025-04-01'),
(83, 124, 'Great product, very satisfied!', 2, '2025-03-07'),
(84, 128, 'Nice shoes, fast delivery', 1, '2025-06-11'),
(85, 17, 'Perfect fit', 4, '2025-01-01'),
(86, 289, 'Nice shoes, fast delivery', 3, '2025-05-18'),
(87, 196, 'Product matches the description', 5, '2025-06-23'),
(88, 70, 'Better than expected', 1, '2025-06-20'),
(89, 106, 'Perfect fit', 5, '2025-03-02'),
(90, 287, 'Good quality but a bit expensive', 2, '2025-02-08'),
(91, 56, 'Good value for money', 3, '2025-06-21'),
(92, 39, 'Excellent service', 2, '2025-05-03'),
(93, 266, 'Good quality but a bit expensive', 2, '2025-02-22'),
(94, 74, 'Good value for money', 4, '2025-05-02'),
(95, 113, 'Highly recommended', 4, '2025-05-22'),
(96, 126, 'Great product, very satisfied!', 5, '2025-02-08'),
(97, 220, 'Nice shoes, fast delivery', 3, '2025-01-05'),
(98, 245, 'Excellent service', 2, '2025-01-16'),
(99, 186, 'Product matches the description', 3, '2025-04-22'),
(100, 224, 'Would buy again', 4, '2025-04-04'),
(101, 160, 'Would buy again', 4, '2025-04-12'),
(102, 214, 'Excellent service', 1, '2025-03-25'),
(103, 1, 'Better than expected', 1, '2025-05-07'),
(104, 289, 'Highly recommended', 3, '2025-04-08'),
(105, 52, 'Better than expected', 1, '2025-05-06'),
(106, 33, 'Good value for money', 3, '2025-05-13'),
(107, 180, 'Good quality but a bit expensive', 1, '2025-01-13'),
(108, 18, 'Nice shoes, fast delivery', 1, '2025-05-28'),
(109, 217, 'Product matches the description', 5, '2025-03-17'),
(110, 213, 'Nice shoes, fast delivery', 1, '2025-04-26'),
(111, 136, 'Highly recommended', 4, '2025-06-01'),
(112, 260, 'Good quality but a bit expensive', 4, '2025-04-27'),
(113, 269, 'Good quality but a bit expensive', 5, '2025-01-12'),
(114, 236, 'Nice shoes, fast delivery', 2, '2025-03-21'),
(115, 109, 'Nice shoes, fast delivery', 4, '2025-01-25'),
(116, 208, 'Excellent service', 5, '2025-01-22'),
(117, 191, 'Perfect fit', 3, '2025-01-10'),
(118, 235, 'Better than expected', 3, '2025-02-04'),
(119, 242, 'Better than expected', 2, '2025-06-15'),
(120, 161, 'Better than expected', 5, '2025-02-25'),
(121, 68, 'Perfect fit', 5, '2025-06-19'),
(122, 140, 'Good quality but a bit expensive', 2, '2025-01-19'),
(123, 220, 'Product matches the description', 2, '2025-02-12'),
(124, 157, 'Excellent service', 4, '2025-06-04'),
(125, 266, 'Perfect fit', 5, '2025-02-02'),
(126, 205, 'Would buy again', 1, '2025-01-04'),
(127, 150, 'Good value for money', 2, '2025-06-12'),
(128, 219, 'Better than expected', 4, '2025-04-02'),
(129, 255, 'Great product, very satisfied!', 1, '2025-03-28'),
(130, 107, 'Excellent service', 3, '2025-05-19'),
(131, 147, 'Perfect fit', 5, '2025-03-28'),
(132, 31, 'Highly recommended', 5, '2025-05-26'),
(133, 237, 'Highly recommended', 1, '2025-05-04'),
(134, 240, 'Better than expected', 1, '2025-01-08'),
(135, 177, 'Nice shoes, fast delivery', 5, '2025-01-15'),
(136, 39, 'Good quality but a bit expensive', 3, '2025-04-22'),
(137, 271, 'Nice shoes, fast delivery', 1, '2025-06-14'),
(138, 66, 'Product matches the description', 4, '2025-04-27'),
(139, 189, 'Better than expected', 3, '2025-02-21'),
(140, 32, 'Excellent service', 3, '2025-01-08'),
(141, 183, 'Excellent service', 1, '2025-03-08'),
(142, 89, 'Perfect fit', 1, '2025-03-13'),
(143, 112, 'Would buy again', 5, '2025-03-08'),
(144, 106, 'Highly recommended', 2, '2025-01-24'),
(145, 190, 'Excellent service', 5, '2025-06-18'),
(146, 216, 'Excellent service', 2, '2025-02-09'),
(147, 8, 'Good value for money', 5, '2025-05-28'),
(148, 88, 'Good value for money', 2, '2025-02-17'),
(149, 9, 'Perfect fit', 5, '2025-02-02'),
(150, 240, 'Would buy again', 4, '2025-01-15'),
(151, 253, 'Perfect fit', 2, '2025-01-05'),
(152, 258, 'Good value for money', 4, '2025-06-26'),
(153, 141, 'Nice shoes, fast delivery', 3, '2025-06-16'),
(154, 169, 'Would buy again', 4, '2025-02-02'),
(155, 285, 'Better than expected', 2, '2025-06-02'),
(156, 36, 'Good quality but a bit expensive', 3, '2025-02-26'),
(157, 202, 'Great product, very satisfied!', 3, '2025-06-03'),
(158, 264, 'Perfect fit', 1, '2025-06-08'),
(159, 171, 'Good value for money', 4, '2025-04-22'),
(160, 100, 'Good quality but a bit expensive', 1, '2025-05-10'),
(161, 50, 'Great product, very satisfied!', 4, '2025-02-21'),
(162, 16, 'Good quality but a bit expensive', 4, '2025-01-20'),
(163, 32, 'Perfect fit', 3, '2025-01-22'),
(164, 244, 'Great product, very satisfied!', 3, '2025-02-23'),
(165, 276, 'Excellent service', 5, '2025-01-26'),
(166, 270, 'Would buy again', 2, '2025-05-20'),
(167, 114, 'Perfect fit', 2, '2025-03-01'),
(168, 161, 'Highly recommended', 2, '2025-06-25'),
(169, 10, 'Nice shoes, fast delivery', 5, '2025-05-15'),
(170, 134, 'Highly recommended', 4, '2025-03-21'),
(171, 57, 'Good value for money', 2, '2025-01-23'),
(172, 127, 'Better than expected', 3, '2025-03-27'),
(173, 185, 'Highly recommended', 1, '2025-02-25'),
(174, 216, 'Better than expected', 4, '2025-01-23'),
(175, 128, 'Perfect fit', 2, '2025-04-06'),
(176, 57, 'Better than expected', 1, '2025-03-10'),
(177, 96, 'Great product, very satisfied!', 5, '2025-06-07'),
(178, 279, 'Product matches the description', 1, '2025-05-15'),
(179, 74, 'Excellent service', 2, '2025-02-03'),
(180, 9, 'Highly recommended', 3, '2025-01-07'),
(181, 3, 'Nice shoes, fast delivery', 3, '2025-03-13'),
(182, 264, 'Better than expected', 1, '2025-05-09'),
(183, 92, 'Good quality but a bit expensive', 3, '2025-05-28'),
(184, 17, 'Excellent service', 5, '2025-04-04'),
(185, 227, 'Highly recommended', 5, '2025-04-18'),
(186, 45, 'Would buy again', 4, '2025-01-06'),
(187, 190, 'Excellent service', 2, '2025-05-03'),
(188, 289, 'Great product, very satisfied!', 3, '2025-01-14'),
(189, 243, 'Better than expected', 2, '2025-06-25'),
(190, 161, 'Product matches the description', 4, '2025-03-25'),
(191, 61, 'Better than expected', 2, '2025-05-23'),
(192, 272, 'Better than expected', 3, '2025-05-13'),
(193, 53, 'Would buy again', 4, '2025-04-07'),
(194, 75, 'Good value for money', 3, '2025-02-13'),
(195, 126, 'Good value for money', 2, '2025-02-08'),
(196, 182, 'Perfect fit', 2, '2025-01-20'),
(197, 159, 'Would buy again', 1, '2025-01-12'),
(198, 251, 'Product matches the description', 3, '2025-02-23'),
(199, 81, 'Perfect fit', 2, '2025-02-12'),
(200, 45, 'Good value for money', 5, '2025-04-07');
